{
  "item": [
    {
      "id": "c81f9397-adb9-4952-9a63-b6f0e91fd110",
      "name": "Auth Register",
      "request": {
        "url": {
          "protocol": "http",
          "port": "3001",
          "path": ["auth", "register"],
          "host": ["localhost"],
          "query": [],
          "variable": []
        },
        "method": "POST",
        "body": {
          "mode": "raw",
          "raw": "{\"username\":\"syifaul\",\"password\":\"syifaul123\"}"
        }
      },
      "response": [],
      "event": []
    },
    {
      "id": "f56e4126-38fd-42d6-aebc-58efc29116d0",
      "name": "Auth Login",
      "request": {
        "url": {
          "protocol": "http",
          "port": "3001",
          "path": ["auth", "login"],
          "host": ["localhost"],
          "query": [],
          "variable": []
        },
        "method": "POST",
        "body": {
          "mode": "raw",
          "raw": "{\"username\":\"value username\",\"password\":\"value password\"}"
        }
      },
      "response": [],
      "event": []
    },
    {
      "id": "89cf091d-0b7f-47ae-8055-bc54cf6d9a7c",
      "name": "Auth Who Am I",
      "request": {
        "url": {
          "protocol": "http",
          "port": "3001",
          "path": ["auth", "whoami"],
          "host": ["localhost"],
          "query": [],
          "variable": []
        },
        "method": "GET"
      },
      "response": [],
      "event": []
    },
    {
      "id": "73a04920-2330-4b85-95a7-a319da5d1320",
      "name": "Auth Changepassword",
      "request": {
        "url": {
          "protocol": "http",
          "port": "3001",
          "path": ["auth", "changepassword"],
          "host": ["localhost"],
          "query": [],
          "variable": []
        },
        "method": "POST",
        "body": { "mode": "raw", "raw": "{\"password\":\"value password\"}" }
      },
      "response": [],
      "event": []
    },
    {
      "id": "6c0472c4-1155-43e8-b033-a3ceb0965909",
      "name": "Auth Delete",
      "request": {
        "url": {
          "protocol": "http",
          "port": "3001",
          "path": ["auth", "deleted"],
          "host": ["localhost"],
          "query": [],
          "variable": []
        },
        "method": "DELETE",
        "body": { "mode": "raw", "raw": "{\"username\":\"value username\"}" }
      },
      "response": [],
      "event": []
    },
    {
      "id": "9a42df63-6f60-4e26-bd69-611e8a56e199",
      "name": "Biodata Show All",
      "request": {
        "url": {
          "protocol": "http",
          "port": "3001",
          "path": ["bio", "show"],
          "host": ["localhost"],
          "query": [],
          "variable": []
        },
        "method": "GET"
      },
      "response": [],
      "event": []
    },
    {
      "id": "57b3fced-43fc-483c-8b80-7db999756ffc",
      "name": "Biodata Create",
      "request": {
        "url": {
          "protocol": "http",
          "port": "3001",
          "path": ["bio", "create"],
          "host": ["localhost"],
          "query": [],
          "variable": []
        },
        "method": "POST",
        "body": {
          "mode": "raw",
          "raw": "{\"nama\":\"value nama\",\"email\":\"value email\"}"
        }
      },
      "response": [],
      "event": []
    },
    {
      "id": "d41333ce-91bc-4fe6-b769-5293c3b84bd8",
      "name": "Biodata Update",
      "request": {
        "url": {
          "protocol": "http",
          "port": "3001",
          "path": ["bio", "update"],
          "host": ["localhost"],
          "query": [],
          "variable": []
        },
        "method": "POST",
        "body": {
          "mode": "raw",
          "raw": "{\"nama\":\"value nama\",\"email\":\"value email\"}"
        }
      },
      "response": [],
      "event": []
    },
    {
      "id": "bd04b8b8-3e07-49e7-b07c-d9ee479560f2",
      "name": "Biodata Delete",
      "request": {
        "url": {
          "protocol": "http",
          "port": "3001",
          "path": ["bio", "delete"],
          "host": ["localhost"],
          "query": [],
          "variable": []
        },
        "method": "DELETE",
        "body": { "mode": "raw", "raw": "{\"id\":\"value id\"}" }
      },
      "response": [],
      "event": []
    },
    {
      "id": "edb650ed-9386-4d69-8680-8c802e9f490e",
      "name": "History Show All",
      "request": {
        "url": {
          "protocol": "http",
          "port": "3001",
          "path": ["his", "show"],
          "host": ["localhost"],
          "query": [],
          "variable": []
        },
        "method": "GET"
      },
      "response": [],
      "event": []
    },
    {
      "id": "f4ade301-d7ef-4fe7-92a2-d1d1b716557a",
      "name": "History Create",
      "request": {
        "url": {
          "protocol": "http",
          "port": "3001",
          "path": ["his", "create"],
          "host": ["localhost"],
          "query": [],
          "variable": []
        },
        "method": "POST",
        "body": {
          "mode": "raw",
          "raw": "{\"lamabermain\":\"value lamabermain\",\"ranking\":\"value ranking\"}"
        }
      },
      "response": [],
      "event": []
    },
    {
      "id": "73cb8f1d-1e7f-4b26-a21f-5495f2233940",
      "name": "History Update",
      "request": {
        "url": {
          "protocol": "http",
          "port": "3001",
          "path": ["his", "update"],
          "host": ["localhost"],
          "query": [],
          "variable": []
        },
        "method": "POST",
        "body": {
          "mode": "raw",
          "raw": "{\"lamabermain\":\"value lamabermain\",\"ranking\":\"value ranking\"}"
        }
      },
      "response": [],
      "event": []
    },
    {
      "id": "5ad06aa9-a270-4668-9ee3-a17d3804bf33",
      "name": "History Delete",
      "request": {
        "url": {
          "protocol": "http",
          "port": "3001",
          "path": ["his", "delete"],
          "host": ["localhost"],
          "query": [],
          "variable": []
        },
        "header": [
          { "key": "Authorization", "value": "" },
          { "key": "Content-Type", "value": "application/json" },
          { "key": "cache-control", "value": "no-cache" }
        ],
        "method": "DELETE",
        "body": { "mode": "raw", "raw": "{\"nama\":\"value nama\"}" }
      },
      "response": [],
      "event": []
    }
  ],
  "event": [],
  "variable": [],
  "info": {
    "_postman_id": "a8244005-b344-4d5c-b0d7-9a8d429c7bbb",
    "name": "Dokumentasi API Challenge Chapter-5",
    "schema": "https://schema.getpostman.com/json/collection/v2.1.0/collection.json"
  }
}
